{
	"format_version": "1.21.6",
	"credit": "Made with Blockbench",
	"texture_size": [64, 64],
	"textures": {
		"1": "bruh:item/texture",
		"particle": "bruh:item/texture"
	},
	"elements": [
		{
			"from": [5, 0, 12.6],
			"to": [7.3, 4, 15.6],
			"rotation": {"angle": 0, "axis": "y", "origin": [8.3, 7, 7.6]},
			"faces": {
				"north": {"uv": [0, 12.8, 1.10345, 14.93333], "texture": "#1"},
				"east": {"uv": [0, 10.66667, 1.65517, 12.8], "texture": "#1"},
				"south": {"uv": [13.24138, 0, 14.34483, 2.13333], "texture": "#1"},
				"west": {"uv": [1.65517, 10.66667, 3.31034, 12.8], "texture": "#1"},
				"up": {"uv": [9.93103, 14.4, 8.82759, 12.8], "texture": "#1"},
				"down": {"uv": [14.34483, 8.53333, 13.24138, 10.13333], "texture": "#1"}
			}
		},
		{
			"from": [3.63478, 8.6, 2.02293],
			"to": [6.03478, 12.2, 2.82293],
			"rotation": {"angle": 27.5, "axis": "z", "origin": [5.3, 10.5, 3]},
			"faces": {
				"north": {"uv": [1.10345, 12.8, 2.2069, 14.93333], "texture": "#1"},
				"east": {"uv": [9.93103, 13.86667, 10.48276, 16], "texture": "#1"},
				"south": {"uv": [2.2069, 12.8, 3.31034, 14.93333], "texture": "#1"},
				"west": {"uv": [10.48276, 13.86667, 11.03448, 16], "texture": "#1"},
				"up": {"uv": [12.68966, 14.4, 11.58621, 13.86667], "texture": "#1"},
				"down": {"uv": [15.44828, 12.8, 14.34483, 13.33333], "texture": "#1"}
			}
		},
		{
			"from": [5, 4.6, 0.5],
			"to": [11, 10.84, 6],
			"rotation": {"angle": 0, "axis": "y", "origin": [10, 7.6, 3]},
			"faces": {
				"north": {"uv": [6.59569, 0, 9.90603, 2.95], "texture": "#1", "tintindex": 0},
				"east": {"uv": [0, 7.46667, 3.31034, 10.66667], "texture": "#1", "tintindex": 0},
				"south": {"uv": [3.31034, 7.46667, 6.62069, 10.66667], "texture": "#1", "tintindex": 0},
				"west": {"uv": [6.62069, 7.46667, 9.93103, 10.66667], "texture": "#1", "tintindex": 0},
				"up": {"uv": [13.24138, 3.2, 9.93103, 0], "texture": "#1", "tintindex": 0},
				"down": {"uv": [13.24138, 3.2, 9.93103, 6.4], "texture": "#1", "tintindex": 0}
			}
		},
		{
			"from": [5, 4, 6],
			"to": [11, 9, 15],
			"rotation": {"angle": 0, "axis": "y", "origin": [8, 6, 8]},
			"faces": {
				"north": {"uv": [9.93103, 6.4, 13.24138, 9.06667], "texture": "#1"},
				"east": {"uv": [0, 4.8, 4.96552, 7.46667], "texture": "#1"},
				"south": {"uv": [9.93103, 9.06667, 13.24138, 11.73333], "texture": "#1"},
				"west": {"uv": [4.96552, 4.8, 9.93103, 7.46667], "texture": "#1"},
				"up": {"uv": [3.31034, 4.8, 0, 0], "texture": "#1"},
				"down": {"uv": [6.62069, 0, 3.31034, 4.8], "texture": "#1"}
			}
		},
		{
			"from": [9.96522, 8.6, 2.02293],
			"to": [12.36522, 12.2, 2.82293],
			"rotation": {"angle": -27.5, "axis": "z", "origin": [10.7, 10.5, 3]},
			"faces": {
				"north": {"uv": [13.24138, 2.13333, 14.34483, 4.26667], "texture": "#1"},
				"east": {"uv": [11.03448, 13.86667, 11.58621, 16], "texture": "#1"},
				"south": {"uv": [3.31034, 12.8, 4.41379, 14.93333], "texture": "#1"},
				"west": {"uv": [14.34483, 10.66667, 14.89655, 12.8], "texture": "#1"},
				"up": {"uv": [9.93103, 14.93333, 8.82759, 14.4], "texture": "#1"},
				"down": {"uv": [16, 10.66667, 14.89655, 11.2], "texture": "#1"}
			}
		},
		{
			"from": [7.8, 7.2, 14.85],
			"to": [8.3, 7.5, 16.05],
			"rotation": {"angle": 40, "axis": "x", "origin": [7.6, 7.3, 14.85]},
			"faces": {
				"north": {"uv": [12.68966, 13.86667, 13.24138, 14.4], "texture": "#1"},
				"east": {"uv": [11.58621, 14.4, 12.13793, 14.93333], "texture": "#1"},
				"south": {"uv": [14.89655, 11.2, 15.44828, 11.73333], "texture": "#1"},
				"west": {"uv": [12.13793, 14.4, 12.68966, 14.93333], "texture": "#1"},
				"up": {"uv": [15.44828, 12.26667, 14.89655, 11.73333], "texture": "#1"},
				"down": {"uv": [13.24138, 14.4, 12.68966, 14.93333], "texture": "#1"}
			}
		},
		{
			"from": [6.3, 4.9, -0.2],
			"to": [9.7, 7.4, 1.8],
			"rotation": {"angle": 0, "axis": "y", "origin": [8, 6.1, -0.2]},
			"faces": {
				"north": {"uv": [6.64569, 2.95, 8.80086, 4.8], "texture": "#1"},
				"east": {"uv": [13.24138, 10.13333, 14.34483, 11.73333], "texture": "#1"},
				"south": {"uv": [8.77586, 2.95, 9.93103, 4.8], "texture": "#1"},
				"west": {"uv": [13.24138, 11.73333, 14.34483, 13.33333], "texture": "#1"},
				"up": {"uv": [14.89655, 14.4, 13.24138, 13.33333], "texture": "#1"},
				"down": {"uv": [16, 0, 14.34483, 1.06667], "texture": "#1"}
			}
		},
		{
			"from": [7.8, 6.4, 15.6],
			"to": [8.3, 7.4, 15.9],
			"rotation": {"angle": 35, "axis": "x", "origin": [8.5, 6.4, 15.8]},
			"faces": {
				"north": {"uv": [15.44828, 1.6, 16, 2.13333], "texture": "#1"},
				"east": {"uv": [2.2069, 14.93333, 2.75862, 15.46667], "texture": "#1"},
				"south": {"uv": [15.44828, 2.13333, 16, 2.66667], "texture": "#1"},
				"west": {"uv": [2.75862, 14.93333, 3.31034, 15.46667], "texture": "#1"},
				"up": {"uv": [16, 3.2, 15.44828, 2.66667], "texture": "#1"},
				"down": {"uv": [3.86207, 14.93333, 3.31034, 15.46667], "texture": "#1"}
			}
		},
		{
			"from": [5, 0, 6],
			"to": [7.3, 4, 9],
			"rotation": {"angle": 0, "axis": "y", "origin": [8.3, 7, 1]},
			"faces": {
				"north": {"uv": [4.41379, 12.8, 5.51724, 14.93333], "texture": "#1"},
				"east": {"uv": [3.31034, 10.66667, 4.96552, 12.8], "texture": "#1"},
				"south": {"uv": [13.24138, 4.26667, 14.34483, 6.4], "texture": "#1"},
				"west": {"uv": [4.96552, 10.66667, 6.62069, 12.8], "texture": "#1"},
				"up": {"uv": [15.44828, 2.66667, 14.34483, 1.06667], "texture": "#1"},
				"down": {"uv": [15.44828, 2.66667, 14.34483, 4.26667], "texture": "#1"}
			}
		},
		{
			"from": [8.7, 0, 12.6],
			"to": [11, 4, 15.6],
			"rotation": {"angle": 0, "axis": "y", "origin": [7.7, 7, 7.6]},
			"faces": {
				"north": {"uv": [5.51724, 12.8, 6.62069, 14.93333], "texture": "#1"},
				"east": {"uv": [6.62069, 10.66667, 8.27586, 12.8], "texture": "#1"},
				"south": {"uv": [6.62069, 12.8, 7.72414, 14.93333], "texture": "#1"},
				"west": {"uv": [8.27586, 10.66667, 9.93103, 12.8], "texture": "#1"},
				"up": {"uv": [15.44828, 5.86667, 14.34483, 4.26667], "texture": "#1"},
				"down": {"uv": [15.44828, 5.86667, 14.34483, 7.46667], "texture": "#1"}
			}
		},
		{
			"from": [8.7, 0, 6],
			"to": [11, 4, 9],
			"rotation": {"angle": 0, "axis": "y", "origin": [7.7, 7, 1]},
			"faces": {
				"north": {"uv": [13.24138, 6.4, 14.34483, 8.53333], "texture": "#1"},
				"east": {"uv": [9.93103, 11.73333, 11.58621, 13.86667], "texture": "#1"},
				"south": {"uv": [7.72414, 12.8, 8.82759, 14.93333], "texture": "#1"},
				"west": {"uv": [11.58621, 11.73333, 13.24138, 13.86667], "texture": "#1"},
				"up": {"uv": [15.61379, 9.06667, 14.34483, 7.46667], "texture": "#1"},
				"down": {"uv": [15.61379, 9.06667, 14.34483, 10.66667], "texture": "#1"}
			}
		}
	],
	"display": {},
	"groups": [
		{
			"name": "group",
			"origin": [5, 8, 1],
			"color": 0,
			"children": [0, 1, 2, 3, 4, 5, 6, 7, 8, 9, 10]
		}
	]
}