{
	"format_version": "1.21.6",
	"credit": "Made with Blockbench",
	"texture_size": [64, 64],
	"textures": {
		"0": "bruh:item/sheep",
		"particle": "bruh:item/sheep"
	},
	"elements": [
		{
			"from": [8.4, 2, 12.2],
			"to": [11.2, 5, 15],
			"rotation": {"angle": 0, "axis": "y", "origin": [7.9, 8, 7.5]},
			"faces": {
				"north": {"uv": [0.5, 6.5, 1, 7.25], "texture": "#0"},
				"east": {"uv": [0, 6.5, 0.5, 7.25], "texture": "#0"},
				"south": {"uv": [1.5, 6.5, 2, 7.25], "texture": "#0"},
				"west": {"uv": [1, 6.5, 1.5, 7.25], "texture": "#0"},
				"up": {"uv": [1, 6.5, 0.5, 6], "texture": "#0"},
				"down": {"uv": [1.5, 6, 1, 6.5], "texture": "#0"}
			}
		},
		{
			"from": [4.8, 2, 12.2],
			"to": [7.6, 5, 15],
			"rotation": {"angle": 0, "axis": "y", "origin": [8.1, 8, 7.5]},
			"faces": {
				"north": {"uv": [2.5, 6.5, 3, 7.25], "texture": "#0"},
				"east": {"uv": [2, 6.5, 2.5, 7.25], "texture": "#0"},
				"south": {"uv": [3.5, 6.5, 4, 7.25], "texture": "#0"},
				"west": {"uv": [3, 6.5, 3.5, 7.25], "texture": "#0"},
				"up": {"uv": [3, 6.5, 2.5, 6], "texture": "#0"},
				"down": {"uv": [3.5, 6, 3, 6.5], "texture": "#0"}
			}
		},
		{
			"from": [8.4, 2.6, 6],
			"to": [11.2, 5, 8.8],
			"rotation": {"angle": 0, "axis": "y", "origin": [7.7, 8, 1]},
			"faces": {
				"north": {"uv": [4.5, 6.75, 5, 7.25], "texture": "#0"},
				"east": {"uv": [4, 6.75, 4.5, 7.25], "texture": "#0"},
				"south": {"uv": [5.5, 6.75, 6, 7.25], "texture": "#0"},
				"west": {"uv": [5, 6.75, 5.5, 7.25], "texture": "#0"},
				"up": {"uv": [5, 6.75, 4.5, 6.25], "texture": "#0"},
				"down": {"uv": [5.5, 6.25, 5, 6.75], "texture": "#0"}
			}
		},
		{
			"from": [4.8, 2.6, 6],
			"to": [7.6, 5, 8.8],
			"rotation": {"angle": 0, "axis": "y", "origin": [8.3, 8, 1]},
			"faces": {
				"north": {"uv": [6.5, 6.75, 7, 7.25], "texture": "#0"},
				"east": {"uv": [6, 6.75, 6.5, 7.25], "texture": "#0"},
				"south": {"uv": [7.5, 6.75, 8, 7.25], "texture": "#0"},
				"west": {"uv": [7, 6.75, 7.5, 7.25], "texture": "#0"},
				"up": {"uv": [7, 6.75, 6.5, 6.25], "texture": "#0"},
				"down": {"uv": [7.5, 6.25, 7, 6.75], "texture": "#0"}
			}
		},
		{
			"from": [4.9, 8.1, 0.5],
			"to": [11.1, 13.84, 6],
			"rotation": {"angle": 0, "axis": "y", "origin": [10.1, 11.1, 3]},
			"faces": {
				"north": {"uv": [1.25, 4.75, 2.75, 6], "texture": "#0", "tintindex": 0},
				"east": {"uv": [0, 4.75, 1.25, 6], "texture": "#0", "tintindex": 0},
				"south": {"uv": [4, 4.75, 5.5, 6], "texture": "#0", "tintindex": 0},
				"west": {"uv": [2.75, 4.75, 4, 6], "texture": "#0", "tintindex": 0},
				"up": {"uv": [2.75, 4.75, 1.25, 3.5], "texture": "#0", "tintindex": 0},
				"down": {"uv": [4.25, 3.5, 2.75, 4.75], "texture": "#0", "tintindex": 0}
			}
		},
		{
			"from": [4.8, 5, 5.7],
			"to": [11.2, 10, 15.2],
			"rotation": {"angle": 0, "axis": "y", "origin": [8, 7, 8]},
			"faces": {
				"north": {"uv": [2.25, 2.25, 3.75, 3.5], "texture": "#0"},
				"east": {"uv": [0, 2.25, 2.25, 3.5], "texture": "#0"},
				"south": {"uv": [6, 2.25, 7.5, 3.5], "texture": "#0"},
				"west": {"uv": [3.75, 2.25, 6, 3.5], "texture": "#0"},
				"up": {"uv": [3.75, 2.25, 2.25, 0], "texture": "#0"},
				"down": {"uv": [5.25, 0, 3.75, 2.25], "texture": "#0"}
			}
		},
		{
			"from": [5.3, 8.3, 0],
			"to": [10.7, 13.5, 2],
			"rotation": {"angle": 0, "axis": "y", "origin": [8, 9.5, 0]},
			"faces": {
				"north": {"uv": [6, 4, 7.25, 5.25], "texture": "#0"},
				"east": {"uv": [5.5, 4, 6, 5.25], "texture": "#0"},
				"south": {"uv": [7.75, 4, 9, 5.25], "texture": "#0"},
				"west": {"uv": [7.25, 4, 7.75, 5.25], "texture": "#0"},
				"up": {"uv": [7.25, 4, 6, 3.5], "texture": "#0"},
				"down": {"uv": [8.5, 3.5, 7.25, 4], "texture": "#0"}
			}
		},
		{
			"from": [6.95, 5.5, 14.35],
			"to": [8.95, 8.5, 15.4],
			"rotation": {"angle": -32.5, "axis": "x", "origin": [8.4, 8.5, 14.45]},
			"faces": {
				"north": {"uv": [7.75, 2.75, 8.25, 3.5], "texture": "#0"},
				"east": {"uv": [7.5, 2.75, 7.75, 3.5], "texture": "#0"},
				"south": {"uv": [8.5, 2.75, 9, 3.5], "texture": "#0"},
				"west": {"uv": [8.25, 2.75, 8.5, 3.5], "texture": "#0"},
				"up": {"uv": [8.25, 2.75, 7.75, 2.5], "texture": "#0"},
				"down": {"uv": [8.75, 2.5, 8.25, 2.75], "texture": "#0"}
			}
		},
		{
			"from": [4.5, 8.7, 2],
			"to": [5.7, 11.7, 4.5],
			"rotation": {"angle": -41, "axis": "z", "origin": [5.6, 11.7, 3.45]},
			"faces": {
				"north": {"uv": [8, 0.5, 8.25, 1.25], "texture": "#0"},
				"east": {"uv": [7.5, 0.5, 8, 1.25], "texture": "#0"},
				"south": {"uv": [8.75, 0.5, 9, 1.25], "texture": "#0"},
				"west": {"uv": [8.25, 0.5, 8.75, 1.25], "texture": "#0"},
				"up": {"uv": [8.25, 0.5, 8, 0], "texture": "#0"},
				"down": {"uv": [8.5, 0, 8.25, 0.5], "texture": "#0"}
			}
		},
		{
			"from": [6.4, 8.5, -0.9],
			"to": [9.6, 10.5, 1.1],
			"rotation": {"angle": 0, "axis": "y", "origin": [6.4, 8.5, -0.9]},
			"faces": {
				"north": {"uv": [6, 5.75, 6.75, 6.25], "texture": "#0"},
				"east": {"uv": [5.5, 5.75, 6, 6.25], "texture": "#0"},
				"south": {"uv": [7.25, 5.75, 8, 6.25], "texture": "#0"},
				"west": {"uv": [6.75, 5.75, 7.25, 6.25], "texture": "#0"},
				"up": {"uv": [6.75, 5.75, 6, 5.25], "texture": "#0"},
				"down": {"uv": [7.5, 5.25, 6.75, 5.75], "texture": "#0"}
			}
		},
		{
			"from": [5, 0, 12.4],
			"to": [7.4, 2, 14.8],
			"rotation": {"angle": 0, "axis": "y", "origin": [5.3, 0, 12.4]},
			"faces": {
				"north": {"uv": [0.5, 7.75, 1, 8.25], "texture": "#0"},
				"east": {"uv": [0, 7.75, 0.5, 8.25], "texture": "#0"},
				"south": {"uv": [1.5, 7.75, 2, 8.25], "texture": "#0"},
				"west": {"uv": [1, 7.75, 1.5, 8.25], "texture": "#0"},
				"up": {"uv": [1, 7.75, 0.5, 7.25], "texture": "#0"},
				"down": {"uv": [1.5, 7.25, 1, 7.75], "texture": "#0"}
			}
		},
		{
			"from": [5, 0, 6.2],
			"to": [7.4, 2.7, 8.6],
			"rotation": {"angle": 0, "axis": "y", "origin": [5.3, 0, 6.2]},
			"faces": {
				"north": {"uv": [2.5, 7.75, 3, 8.25], "texture": "#0"},
				"east": {"uv": [2, 7.75, 2.5, 8.25], "texture": "#0"},
				"south": {"uv": [3.5, 7.75, 4, 8.25], "texture": "#0"},
				"west": {"uv": [3, 7.75, 3.5, 8.25], "texture": "#0"},
				"up": {"uv": [3, 7.75, 2.5, 7.25], "texture": "#0"},
				"down": {"uv": [3.5, 7.25, 3, 7.75], "texture": "#0"}
			}
		},
		{
			"from": [8.6, 0, 6.2],
			"to": [11, 2.7, 8.6],
			"rotation": {"angle": 0, "axis": "y", "origin": [10.7, 0, 6.2]},
			"faces": {
				"north": {"uv": [4.5, 7.75, 5, 8.25], "texture": "#0"},
				"east": {"uv": [4, 7.75, 4.5, 8.25], "texture": "#0"},
				"south": {"uv": [5.5, 7.75, 6, 8.25], "texture": "#0"},
				"west": {"uv": [5, 7.75, 5.5, 8.25], "texture": "#0"},
				"up": {"uv": [5, 7.75, 4.5, 7.25], "texture": "#0"},
				"down": {"uv": [5.5, 7.25, 5, 7.75], "texture": "#0"}
			}
		},
		{
			"from": [10.3, 8.7, 2],
			"to": [11.5, 11.7, 4.5],
			"rotation": {"angle": 41, "axis": "z", "origin": [10.4, 11.7, 3.45]},
			"faces": {
				"north": {"uv": [8, 1.75, 8.25, 2.5], "texture": "#0"},
				"east": {"uv": [7.5, 1.75, 8, 2.5], "texture": "#0"},
				"south": {"uv": [8.75, 1.75, 9, 2.5], "texture": "#0"},
				"west": {"uv": [8.25, 1.75, 8.75, 2.5], "texture": "#0"},
				"up": {"uv": [8.25, 1.75, 8, 1.25], "texture": "#0"},
				"down": {"uv": [8.5, 1.25, 8.25, 1.75], "texture": "#0"}
			}
		},
		{
			"from": [8.6, 0, 12.4],
			"to": [11, 2, 14.8],
			"rotation": {"angle": 0, "axis": "y", "origin": [10.7, 0, 12.4]},
			"faces": {
				"north": {"uv": [6.5, 7.75, 7, 8.25], "texture": "#0"},
				"east": {"uv": [6, 7.75, 6.5, 8.25], "texture": "#0"},
				"south": {"uv": [7.5, 7.75, 8, 8.25], "texture": "#0"},
				"west": {"uv": [7, 7.75, 7.5, 8.25], "texture": "#0"},
				"up": {"uv": [7, 7.75, 6.5, 7.25], "texture": "#0"},
				"down": {"uv": [7.5, 7.25, 7, 7.75], "texture": "#0"}
			}
		}
	],
	"display": {},
	"groups": [
		{
			"name": "group",
			"origin": [5, 8, 1],
			"color": 0,
			"children": [
				0,
				1,
				2,
				3,
				4,
				5,
				6,
				7,
				8,
				9,
				10,
				11,
				12,
				13,
				14,
				{
					"name": "group",
					"origin": [11, 8, 1],
					"color": 0,
					"children": []
				}
			]
		}
	]
}