{
	"format_version": "1.21.6",
	"credit": "Made with Blockbench",
	"texture_size": [32, 32],
	"textures": {
		"1": "bruh:item/fox",
		"particle": "bruh:item/fox"
	},
	"elements": [
		{
			"from": [4.7, 0, 12.6],
			"to": [7.2, 3, 14.6],
			"rotation": {"angle": 0, "axis": "y", "origin": [8.3, 7, 7.2]},
			"faces": {
				"north": {"uv": [7, 12.24138, 8, 13.74138], "texture": "#1"},
				"east": {"uv": [6, 11, 7, 12.5], "texture": "#1"},
				"south": {"uv": [9, 12.24138, 10, 13.74138], "texture": "#1"},
				"west": {"uv": [8, 12.24138, 9, 13.74138], "texture": "#1"},
				"up": {"uv": [8, 12.13793, 7, 11.13793], "texture": "#1"},
				"down": {"uv": [9, 11.13793, 8, 12.13793], "texture": "#1"}
			}
		},
		{
			"from": [4.7, 3, 6],
			"to": [10.5, 8.2, 14.6],
			"rotation": {"angle": 0, "axis": "y", "origin": [8, 4.3, 8]},
			"faces": {
				"north": {"uv": [4, 4, 6.5, 6], "texture": "#1"},
				"east": {"uv": [0, 4, 4, 6], "texture": "#1"},
				"south": {"uv": [10.5, 4, 13, 6], "texture": "#1"},
				"west": {"uv": [6.5, 4, 10.5, 6], "texture": "#1"},
				"up": {"uv": [6.5, 4, 4, 0], "texture": "#1"},
				"down": {"uv": [9, 0, 6.5, 4], "texture": "#1"}
			}
		},
		{
			"from": [8.26522, 9.15, 1.62293],
			"to": [10.96522, 11.8, 2.62293],
			"rotation": {"angle": 0, "axis": "z", "origin": [9.9, 10.35, 2.6]},
			"faces": {
				"north": {"uv": [11.5, 9.5, 12.5, 10.5], "texture": "#1"},
				"east": {"uv": [11, 9.5, 11.5, 10.5], "texture": "#1"},
				"south": {"uv": [13, 9.5, 14, 10.5], "texture": "#1"},
				"west": {"uv": [12.5, 9.5, 13, 10.5], "texture": "#1"},
				"up": {"uv": [12.5, 9.5, 11.5, 9], "texture": "#1"},
				"down": {"uv": [13.5, 9, 12.5, 9.5], "texture": "#1"}
			}
		},
		{
			"from": [5.6, 4.4, 15.45],
			"to": [9.7, 8, 21.85],
			"rotation": {"angle": 30, "axis": "x", "origin": [7.6, 6.4, 15.45]},
			"faces": {
				"north": {"uv": [3, 14, 4.5, 15], "texture": "#1"},
				"east": {"uv": [0, 14, 3, 15], "texture": "#1"},
				"south": {"uv": [7.5, 14, 9, 15], "texture": "#1"},
				"west": {"uv": [4.5, 14, 7.5, 15], "texture": "#1"},
				"up": {"uv": [4.5, 14, 3, 11], "texture": "#1"},
				"down": {"uv": [6, 11, 4.5, 14], "texture": "#1"}
			}
		},
		{
			"from": [5.85, 3.4, -0.7],
			"to": [9.35, 5.8, 1.8],
			"rotation": {"angle": 0, "axis": "y", "origin": [8, 4.6, -0.2]},
			"faces": {
				"north": {"uv": [12, 7, 13.5, 8], "texture": "#1"},
				"east": {"uv": [11, 7, 12, 8], "texture": "#1"},
				"south": {"uv": [14.5, 7, 16, 8], "texture": "#1"},
				"west": {"uv": [13.5, 7, 14.5, 8], "texture": "#1"},
				"up": {"uv": [13.5, 7, 12, 6], "texture": "#1"},
				"down": {"uv": [15, 6, 13.5, 7], "texture": "#1"}
			}
		},
		{
			"from": [4.7, 0, 6],
			"to": [7.2, 3, 8],
			"rotation": {"angle": 0, "axis": "y", "origin": [8.3, 7, 1]},
			"faces": {
				"north": {"uv": [12.75, 12.13793, 13.75, 13.73793], "texture": "#1"},
				"east": {"uv": [11.75, 11, 12.75, 12.5], "texture": "#1"},
				"south": {"uv": [14.75, 12.13793, 15.75, 13.76293], "texture": "#1"},
				"west": {"uv": [13.75, 12.21293, 14.75, 13.71293], "texture": "#1"},
				"up": {"uv": [13.75, 12.03448, 12.75, 11.03448], "texture": "#1"},
				"down": {"uv": [14.75, 11.03448, 13.75, 12.03448], "texture": "#1"}
			}
		},
		{
			"from": [8, 0, 12.6],
			"to": [10.5, 3, 14.6],
			"rotation": {"angle": 0, "axis": "y", "origin": [7.5, 7, 7.2]},
			"faces": {
				"north": {"uv": [10, 14.5, 11, 16], "texture": "#1"},
				"east": {"uv": [9, 14.5, 10, 16], "texture": "#1"},
				"south": {"uv": [12, 14.5, 13, 16], "texture": "#1"},
				"west": {"uv": [11, 14.5, 12, 16], "texture": "#1"},
				"up": {"uv": [11, 14.39655, 10, 13.39655], "texture": "#1"},
				"down": {"uv": [12, 13.39655, 11, 14.39655], "texture": "#1"}
			}
		},
		{
			"from": [8, 0, 6],
			"to": [10.5, 3, 8],
			"rotation": {"angle": 0, "axis": "y", "origin": [7.5, 7, 1]},
			"faces": {
				"north": {"uv": [10.25, 1.00345, 11.25, 2.50345], "texture": "#1"},
				"east": {"uv": [9.25, 1, 10.25, 2.5], "texture": "#1"},
				"south": {"uv": [12.25, 1.00345, 13.25, 2.50345], "texture": "#1"},
				"west": {"uv": [11.25, 1.00345, 12.25, 2.50345], "texture": "#1"},
				"up": {"uv": [11.25, 1, 10.25, 0], "texture": "#1"},
				"down": {"uv": [12.25, 0, 11.25, 1], "texture": "#1"}
			}
		},
		{
			"from": [4.23478, 9.15, 1.62293],
			"to": [6.93478, 11.8, 2.62293],
			"rotation": {"angle": 0, "axis": "z", "origin": [6.1, 10.35, 2.6]},
			"faces": {
				"north": {"uv": [9.5, 3, 10.5, 4], "texture": "#1"},
				"east": {"uv": [9, 3, 9.5, 4], "texture": "#1"},
				"south": {"uv": [11, 3, 12, 4], "texture": "#1"},
				"west": {"uv": [10.5, 3, 11, 4], "texture": "#1"},
				"up": {"uv": [10.5, 3, 9.5, 2.5], "texture": "#1"},
				"down": {"uv": [11.5, 2.5, 10.5, 3], "texture": "#1"}
			}
		},
		{
			"from": [4.1, 3.3, 0.5],
			"to": [11.1, 9.34, 6],
			"rotation": {"angle": 0, "axis": "y", "origin": [11.5, 4.3, 3.2]},
			"faces": {
				"north": {"uv": [2.5, 8.5, 5.5, 11], "texture": "#1", "tintindex": 0},
				"east": {"uv": [0, 8.5, 2.5, 11], "texture": "#1", "tintindex": 0},
				"south": {"uv": [8, 8.5, 11, 11], "texture": "#1", "tintindex": 0},
				"west": {"uv": [5.5, 8.5, 8, 11], "texture": "#1", "tintindex": 0},
				"up": {"uv": [5.5, 8.5, 2.5, 6], "texture": "#1", "tintindex": 0},
				"down": {"uv": [8.5, 6, 5.5, 8.5], "texture": "#1", "tintindex": 0}
			}
		},
		{
			"from": [6, 5, 14],
			"to": [9.2, 7.9, 15.6],
			"rotation": {"angle": 10, "axis": "x", "origin": [7, 5, 14]},
			"faces": {
				"north": {"uv": [11.5, 8, 12.5, 9], "texture": "#1"},
				"east": {"uv": [11, 8, 11.5, 9], "texture": "#1"},
				"south": {"uv": [13, 8, 14, 9], "texture": "#1"},
				"west": {"uv": [12.5, 8, 13, 9], "texture": "#1"},
				"up": {"uv": [12.5, 8, 11.5, 7.5], "texture": "#1"},
				"down": {"uv": [13.5, 7.5, 12.5, 8], "texture": "#1"}
			}
		},
		{
			"from": [9.2, 3.3, 3],
			"to": [12, 4.5, 3],
			"rotation": {"angle": 0, "axis": "y", "origin": [12, 2.3, 3]},
			"faces": {
				"north": {"uv": [13, 3, 14, 3.5], "texture": "#1"},
				"east": {"uv": [13, 3, 13, 3.5], "texture": "#1"},
				"south": {"uv": [14, 3, 15, 3.5], "texture": "#1"},
				"west": {"uv": [14, 3, 14, 3.5], "texture": "#1"},
				"up": {"uv": [14, 3, 13, 3], "texture": "#1"},
				"down": {"uv": [15, 3, 14, 3], "texture": "#1"}
			}
		},
		{
			"from": [3.2, 3.3, 3],
			"to": [6, 4.5, 3],
			"rotation": {"angle": 0, "axis": "y", "origin": [4, 2.3, 3]},
			"faces": {
				"north": {"uv": [13, 4, 14, 4.5], "texture": "#1"},
				"east": {"uv": [0, 0, 0, 0.5], "texture": "#1"},
				"south": {"uv": [13, 4.5, 14, 5], "texture": "#1"},
				"west": {"uv": [0, 0, 0, 0.5], "texture": "#1"},
				"up": {"uv": [1, 0, 0, 0], "texture": "#1"},
				"down": {"uv": [1, 0, 0, 0], "texture": "#1"}
			}
		},
		{
			"from": [3.2, 5, 3],
			"to": [6, 6.2, 3],
			"rotation": {"angle": 0, "axis": "y", "origin": [4, 4, 3]},
			"faces": {
				"north": {"uv": [13, 5, 14, 5.5], "texture": "#1"},
				"east": {"uv": [0, 0, 0, 0.5], "texture": "#1"},
				"south": {"uv": [13, 5.5, 14, 6], "texture": "#1"},
				"west": {"uv": [0, 0, 0, 0.5], "texture": "#1"},
				"up": {"uv": [1, 0, 0, 0], "texture": "#1"},
				"down": {"uv": [1, 0, 0, 0], "texture": "#1"}
			}
		},
		{
			"from": [9.2, 5, 3],
			"to": [12, 6.2, 3],
			"rotation": {"angle": 0, "axis": "y", "origin": [12, 4, 3]},
			"faces": {
				"north": {"uv": [13, 3.5, 14, 4], "texture": "#1"},
				"east": {"uv": [13, 3.5, 13, 4], "texture": "#1"},
				"south": {"uv": [14, 3.5, 15, 4], "texture": "#1"},
				"west": {"uv": [14, 3.5, 14, 4], "texture": "#1"},
				"up": {"uv": [14, 3.5, 13, 3.5], "texture": "#1"},
				"down": {"uv": [15, 3.5, 14, 3.5], "texture": "#1"}
			}
		}
	],
	"display": {
		"thirdperson_righthand": {
			"rotation": [90, 0, 0],
			"translation": [-5.75, 0, 19]
		}
	},
	"groups": [
		{
			"name": "group",
			"origin": [5, 8, 1],
			"color": 0,
			"children": [
				0,
				1,
				2,
				3,
				4,
				5,
				6,
				7,
				{
					"name": "group",
					"origin": [11, 8, 1],
					"color": 0,
					"children": [8, 9]
				},
				10,
				11,
				12,
				13,
				14
			]
		}
	]
}