{
	"format_version": "1.21.6",
	"credit": "Made with Blockbench",
	"texture_size": [64, 64],
	"textures": {
		"0": "bruh:item/lama",
		"particle": "bruh:item/lama"
	},
	"elements": [
		{
			"from": [6, 4.9, 1.25],
			"to": [10, 15.6, 5.05],
			"rotation": {"angle": 0, "axis": "y", "origin": [6, 6.5, 1.25]},
			"faces": {
				"north": {"uv": [0.75, 4.5, 1.75, 7], "texture": "#0"},
				"east": {"uv": [0, 4.5, 0.75, 7], "texture": "#0"},
				"south": {"uv": [2.5, 4.5, 3.5, 7], "texture": "#0"},
				"west": {"uv": [1.75, 4.5, 2.5, 7], "texture": "#0"},
				"up": {"uv": [1.75, 4.5, 0.75, 3.75], "texture": "#0"},
				"down": {"uv": [2.75, 3.75, 1.75, 4.5], "texture": "#0"}
			}
		},
		{
			"from": [5.05, 1, 3.6],
			"to": [7.45, 4, 5.8],
			"rotation": {"angle": 0, "axis": "y", "origin": [5.25, 0, 3.6]},
			"faces": {
				"north": {"uv": [4, 4.25, 4.5, 5], "texture": "#0"},
				"east": {"uv": [3.5, 4.25, 4, 5], "texture": "#0"},
				"south": {"uv": [5, 4.25, 5.5, 5], "texture": "#0"},
				"west": {"uv": [4.5, 4.25, 5, 5], "texture": "#0"},
				"up": {"uv": [4.5, 4.25, 4, 3.75], "texture": "#0"},
				"down": {"uv": [5, 3.75, 4.5, 4.25], "texture": "#0"}
			}
		},
		{
			"from": [8.55, 1, 3.6],
			"to": [10.95, 4, 5.8],
			"rotation": {"angle": 0, "axis": "y", "origin": [10.75, 0, 3.6]},
			"faces": {
				"north": {"uv": [4, 6, 4.5, 6.75], "texture": "#0"},
				"east": {"uv": [3.5, 6, 4, 6.75], "texture": "#0"},
				"south": {"uv": [5, 6, 5.5, 6.75], "texture": "#0"},
				"west": {"uv": [4.5, 6, 5, 6.75], "texture": "#0"},
				"up": {"uv": [4.5, 6, 4, 5.5], "texture": "#0"},
				"down": {"uv": [5, 5.5, 4.5, 6], "texture": "#0"}
			}
		},
		{
			"from": [4.6, 3.7, 3.5],
			"to": [11.4, 8.75, 13.1],
			"rotation": {"angle": 0, "axis": "y", "origin": [8.5, 4, 10]},
			"faces": {
				"north": {"uv": [3, 3, 4.5, 4.25], "texture": "#0"},
				"east": {"uv": [0.75, 3, 3, 4.25], "texture": "#0"},
				"south": {"uv": [6.75, 3, 8.25, 4.25], "texture": "#0"},
				"west": {"uv": [4.5, 3, 6.75, 4.25], "texture": "#0"},
				"up": {"uv": [4.5, 3, 3, 0.75], "texture": "#0"},
				"down": {"uv": [6, 0.75, 4.5, 3], "texture": "#0"}
			}
		},
		{
			"from": [5.05, 1, 10.3],
			"to": [7.45, 4, 12.7],
			"rotation": {"angle": 0, "axis": "y", "origin": [5.25, 4, 10.5]},
			"faces": {
				"north": {"uv": [6, 4.25, 6.5, 5], "texture": "#0"},
				"east": {"uv": [5.5, 4.25, 6, 5], "texture": "#0"},
				"south": {"uv": [7, 4.25, 7.5, 5], "texture": "#0"},
				"west": {"uv": [6.5, 4.25, 7, 5], "texture": "#0"},
				"up": {"uv": [6.5, 4.25, 6, 3.75], "texture": "#0"},
				"down": {"uv": [7, 3.75, 6.5, 4.25], "texture": "#0"}
			}
		},
		{
			"from": [8.55, 1, 10.3],
			"to": [10.95, 4, 12.7],
			"rotation": {"angle": 0, "axis": "y", "origin": [10.75, 4, 10.5]},
			"faces": {
				"north": {"uv": [6, 6, 6.5, 6.75], "texture": "#0"},
				"east": {"uv": [5.5, 6, 6, 6.75], "texture": "#0"},
				"south": {"uv": [7, 6, 7.5, 6.75], "texture": "#0"},
				"west": {"uv": [6.5, 6, 7, 6.75], "texture": "#0"},
				"up": {"uv": [6.5, 6, 6, 5.5], "texture": "#0"},
				"down": {"uv": [7, 5.5, 6.5, 6], "texture": "#0"}
			}
		},
		{
			"from": [5.3, 0, 10.55],
			"to": [7.2, 2, 12.45],
			"rotation": {"angle": 0, "axis": "y", "origin": [5.25, 0, 10.5]},
			"faces": {
				"north": {"uv": [6.25, 7.5, 6.5, 8], "texture": "#0"},
				"east": {"uv": [6, 7.5, 6.25, 8], "texture": "#0"},
				"south": {"uv": [6.75, 7.5, 7, 8], "texture": "#0"},
				"west": {"uv": [6.5, 7.5, 6.75, 8], "texture": "#0"},
				"up": {"uv": [6.5, 7.5, 6.25, 7.25], "texture": "#0"},
				"down": {"uv": [6.75, 7.25, 6.5, 7.5], "texture": "#0"}
			}
		},
		{
			"from": [8.8, 0, 10.55],
			"to": [10.7, 2, 12.45],
			"rotation": {"angle": 0, "axis": "y", "origin": [10.75, 0, 10.5]},
			"faces": {
				"north": {"uv": [7.25, 7.5, 7.5, 8], "texture": "#0"},
				"east": {"uv": [7, 7.5, 7.25, 8], "texture": "#0"},
				"south": {"uv": [7.75, 7.5, 8, 8], "texture": "#0"},
				"west": {"uv": [7.5, 7.5, 7.75, 8], "texture": "#0"},
				"up": {"uv": [7.5, 7.5, 7.25, 7.25], "texture": "#0"},
				"down": {"uv": [7.75, 7.25, 7.5, 7.5], "texture": "#0"}
			}
		},
		{
			"from": [8.8, 0, 3.75],
			"to": [10.7, 2, 5.65],
			"rotation": {"angle": 0, "axis": "y", "origin": [10.75, 0, 3.6]},
			"faces": {
				"north": {"uv": [7.75, 4, 8, 4.5], "texture": "#0"},
				"east": {"uv": [7.5, 4, 7.75, 4.5], "texture": "#0"},
				"south": {"uv": [8.25, 4, 8.5, 4.5], "texture": "#0"},
				"west": {"uv": [8, 4, 8.25, 4.5], "texture": "#0"},
				"up": {"uv": [8, 4, 7.75, 3.75], "texture": "#0"},
				"down": {"uv": [8.25, 3.75, 8, 4], "texture": "#0"}
			}
		},
		{
			"from": [5.3, 0, 3.75],
			"to": [7.2, 2, 5.65],
			"rotation": {"angle": 0, "axis": "y", "origin": [5.25, 0, 3.6]},
			"faces": {
				"north": {"uv": [7.75, 4.75, 8, 5.25], "texture": "#0"},
				"east": {"uv": [7.5, 4.75, 7.75, 5.25], "texture": "#0"},
				"south": {"uv": [8.25, 4.75, 8.5, 5.25], "texture": "#0"},
				"west": {"uv": [8, 4.75, 8.25, 5.25], "texture": "#0"},
				"up": {"uv": [8, 4.75, 7.75, 4.5], "texture": "#0"},
				"down": {"uv": [8.25, 4.5, 8, 4.75], "texture": "#0"}
			}
		},
		{
			"from": [7, 5.25, 12.65],
			"to": [9, 7.25, 14.65],
			"rotation": {"angle": -17.5, "axis": "x", "origin": [7, 5.25, 12.65]},
			"faces": {
				"north": {"uv": [2.5, 7.75, 3, 8.25], "texture": "#0"},
				"east": {"uv": [2, 7.75, 2.5, 8.25], "texture": "#0"},
				"south": {"uv": [3.5, 7.75, 4, 8.25], "texture": "#0"},
				"west": {"uv": [3, 7.75, 3.5, 8.25], "texture": "#0"},
				"up": {"uv": [3, 7.75, 2.5, 7.25], "texture": "#0"},
				"down": {"uv": [3.5, 7.25, 3, 7.75], "texture": "#0"}
			}
		},
		{
			"from": [7, 11.6, -0.65],
			"to": [9, 13.25, 1.85],
			"rotation": {"angle": 0, "axis": "y", "origin": [7, 11.6, -0.15]},
			"faces": {
				"north": {"uv": [4.5, 8, 5.125, 8.625], "texture": "#0"},
				"east": {"uv": [4, 7.75, 4.5, 8], "texture": "#0"},
				"south": {"uv": [5.5, 7.75, 6, 8], "texture": "#0"},
				"west": {"uv": [5, 7.75, 5.5, 8], "texture": "#0"},
				"up": {"uv": [5, 7.75, 4.5, 7.25], "texture": "#0"},
				"down": {"uv": [5.5, 7.25, 5, 7.75], "texture": "#0"}
			}
		},
		{
			"from": [6, 14.8, 2.25],
			"to": [7.5, 16.4, 2.85],
			"rotation": {"angle": 19, "axis": "z", "origin": [5.5, 14.8, 2.25]},
			"faces": {
				"north": {"uv": [2, 9.375, 2.5, 10], "texture": "#0"},
				"east": {"uv": [1.5, 8.75, 1.75, 9.375], "texture": "#0"},
				"south": {"uv": [2, 8.75, 2.5, 9.375], "texture": "#0"},
				"west": {"uv": [2, 8.75, 1.75, 9.375], "texture": "#0"},
				"up": {"uv": [2.25, 8.75, 1.75, 8.5], "texture": "#0"},
				"down": {"uv": [2.5, 8.75, 2.25, 8.5], "texture": "#0"}
			}
		},
		{
			"from": [8.5, 14.8, 2.25],
			"to": [10, 16.4, 2.85],
			"rotation": {"angle": -19, "axis": "z", "origin": [10.5, 14.8, 2.25]},
			"faces": {
				"north": {"uv": [3.25, 9.375, 3.75, 10], "texture": "#0"},
				"east": {"uv": [3, 8.75, 2.75, 9.375], "texture": "#0"},
				"south": {"uv": [3.25, 8.75, 3.75, 9.375], "texture": "#0"},
				"west": {"uv": [3, 8.75, 3.25, 9.375], "texture": "#0"},
				"up": {"uv": [3.375, 8.5, 2.75, 8.75], "texture": "#0"},
				"down": {"uv": [3.25, 8.75, 3, 8.5], "texture": "#0"}
			}
		},
		{
			"from": [6.25, 11.5, 1],
			"to": [9.75, 15, 2],
			"rotation": {"angle": 0, "axis": "y", "origin": [7, 12.5, 1]},
			"faces": {
				"north": {"uv": [0.25, 7.25, 1, 8], "texture": "#0"},
				"east": {"uv": [0, 7.25, 0.25, 8], "texture": "#0"},
				"south": {"uv": [1.25, 7.25, 2, 8], "texture": "#0"},
				"west": {"uv": [1, 7.25, 1.25, 8], "texture": "#0"},
				"up": {"uv": [1, 7.25, 0.25, 7], "texture": "#0"},
				"down": {"uv": [1.75, 7, 1, 7.25], "texture": "#0"}
			}
		}
	],
	"display": {}
}