{
	"format_version": "1.21.6",
	"credit": "Made with Blockbench",
	"texture_size": [32, 32],
	"textures": {
		"2": "bruh:item/rabbit",
		"particle": "bruh:item/rabbit"
	},
	"elements": [
		{
			"from": [6.1, 5.3, 2.1],
			"to": [9.9, 9.1, 5.9],
			"rotation": {"angle": 0, "axis": "y", "origin": [8, 4.2, 8]},
			"faces": {
				"north": {"uv": [1.5, 8, 3, 9.5], "texture": "#2"},
				"east": {"uv": [0, 8, 1.5, 9.5], "texture": "#2"},
				"south": {"uv": [4.5, 8, 6, 9.5], "texture": "#2"},
				"west": {"uv": [3, 8, 4.5, 9.5], "texture": "#2"},
				"up": {"uv": [3, 8, 1.5, 6.5], "texture": "#2"},
				"down": {"uv": [4.5, 6.5, 3, 8], "texture": "#2"}
			}
		},
		{
			"from": [5.8, 2.9, 4.4],
			"to": [10.2, 6.7, 8.6],
			"rotation": {"angle": 30, "axis": "x", "origin": [7.9, 4.9, 6.3]},
			"faces": {
				"north": {"uv": [2, 2, 4, 3.5], "texture": "#2"},
				"east": {"uv": [0, 2, 2, 3.5], "texture": "#2"},
				"south": {"uv": [6, 2, 8, 3.5], "texture": "#2"},
				"west": {"uv": [4, 2, 6, 3.5], "texture": "#2"},
				"up": {"uv": [4, 2, 2, 0], "texture": "#2"},
				"down": {"uv": [6, 0, 4, 2], "texture": "#2"}
			}
		},
		{
			"from": [6.1, 1.6, 7.2],
			"to": [9.9, 4.5, 11.2],
			"rotation": {"angle": 30, "axis": "x", "origin": [8, 3, 9.1]},
			"faces": {
				"north": {"uv": [2, 5.5, 3.5, 6.5], "texture": "#2"},
				"east": {"uv": [0, 5.5, 2, 6.5], "texture": "#2"},
				"south": {"uv": [5.5, 5.5, 7, 6.5], "texture": "#2"},
				"west": {"uv": [3.5, 5.5, 5.5, 6.5], "texture": "#2"},
				"up": {"uv": [3.5, 5.5, 2, 3.5], "texture": "#2"},
				"down": {"uv": [5, 3.5, 3.5, 5.5], "texture": "#2"}
			}
		},
		{
			"from": [7, 5.4, 1.6],
			"to": [9, 6.8, 3.3],
			"rotation": {"angle": 0, "axis": "y", "origin": [6.9, 5.4, 2.2]},
			"faces": {
				"north": {"uv": [9, 2.5, 10, 3.125], "texture": "#2"},
				"east": {"uv": [8.5, 2.5, 9, 3], "texture": "#2"},
				"south": {"uv": [10.5, 2.5, 11.5, 3], "texture": "#2"},
				"west": {"uv": [10, 2.5, 10.5, 3], "texture": "#2"},
				"up": {"uv": [10, 2.5, 9, 2], "texture": "#2"},
				"down": {"uv": [11, 2, 10, 2.5], "texture": "#2"}
			}
		},
		{
			"from": [5.9, 1.2, 8.3],
			"to": [7.4, 4, 10.8],
			"rotation": {"angle": 33, "axis": "x", "origin": [6, 1.5, 8.6]},
			"faces": {
				"north": {"uv": [9, 1, 9.5, 2], "texture": "#2"},
				"east": {"uv": [8, 1, 9, 2], "texture": "#2"},
				"south": {"uv": [10.5, 1, 11, 2], "texture": "#2"},
				"west": {"uv": [9.5, 1, 10.5, 2], "texture": "#2"},
				"up": {"uv": [9.5, 1, 9, 0], "texture": "#2"},
				"down": {"uv": [10, 0, 9.5, 1], "texture": "#2"}
			}
		},
		{
			"from": [8.6, 1.2, 8.3],
			"to": [10.1, 4, 10.8],
			"rotation": {"angle": 33, "axis": "x", "origin": [10, 1.5, 8.6]},
			"faces": {
				"north": {"uv": [7, 10, 7.5, 11], "texture": "#2"},
				"east": {"uv": [6, 10, 7, 11], "texture": "#2"},
				"south": {"uv": [8.5, 10, 9, 11], "texture": "#2"},
				"west": {"uv": [7.5, 10, 8.5, 11], "texture": "#2"},
				"up": {"uv": [7.5, 10, 7, 9], "texture": "#2"},
				"down": {"uv": [8, 9, 7.5, 10], "texture": "#2"}
			}
		},
		{
			"from": [6, 0, 6.8],
			"to": [7.3, 1.2, 11.1],
			"rotation": {"angle": 0, "axis": "x", "origin": [6.8, 0.8, 6.6]},
			"faces": {
				"north": {"uv": [8, 8.5, 8.5, 9], "texture": "#2"},
				"east": {"uv": [6, 8.5, 8, 9], "texture": "#2"},
				"south": {"uv": [10.5, 8.5, 11, 9], "texture": "#2"},
				"west": {"uv": [8.5, 8.5, 10.5, 9], "texture": "#2"},
				"up": {"uv": [8.5, 8.5, 8, 6.5], "texture": "#2"},
				"down": {"uv": [9, 6.5, 8.5, 8.5], "texture": "#2"}
			}
		},
		{
			"from": [8.7, 0, 6.8],
			"to": [10, 1.2, 11.1],
			"rotation": {"angle": 0, "axis": "x", "origin": [9.2, 0.8, 6.6]},
			"faces": {
				"north": {"uv": [9, 5.5, 9.5, 6], "texture": "#2"},
				"east": {"uv": [7, 5.5, 9, 6], "texture": "#2"},
				"south": {"uv": [11.5, 5.5, 12, 6], "texture": "#2"},
				"west": {"uv": [9.5, 5.5, 11.5, 6], "texture": "#2"},
				"up": {"uv": [9.5, 5.5, 9, 3.5], "texture": "#2"},
				"down": {"uv": [10, 3.5, 9.5, 5.5], "texture": "#2"}
			}
		},
		{
			"from": [8.35, 11.2, 3.9],
			"to": [10, 13.5, 4.4],
			"rotation": {"angle": -5, "axis": "x", "origin": [9.1, 12.4, 4.2]},
			"faces": {
				"north": {"uv": [2.875, 12, 3.475, 13], "texture": "#2"},
				"east": {"uv": [5.5, 14, 5.625, 15], "texture": "#2"},
				"south": {"uv": [3.475, 11, 2.875, 12], "texture": "#2"},
				"west": {"uv": [5.125, 11, 5.25, 12], "texture": "#2"},
				"up": {"uv": [2.5, 11, 3.375, 10.75], "texture": "#2"},
				"down": {"uv": [2.5, 10.5, 2.5, 11], "texture": "#2"}
			}
		},
		{
			"from": [6, 8.9, 3.9],
			"to": [7.65, 11.2, 4.4],
			"rotation": {"angle": 5.5, "axis": "x", "origin": [6.9, 10.1, 4.2]},
			"faces": {
				"north": {"uv": [4.5, 11, 5.125, 12], "texture": "#2"},
				"east": {"uv": [5.375, 11, 5.5, 12], "texture": "#2"},
				"south": {"uv": [3.85, 11, 4.475, 12], "texture": "#2"},
				"west": {"uv": [5.25, 11, 5.375, 12], "texture": "#2"},
				"up": {"uv": [4.5, 11, 4.625, 10.5], "rotation": 90, "texture": "#2"},
				"down": {"uv": [4.5, 10.5, 4.375, 11], "rotation": 270, "texture": "#2"}
			}
		},
		{
			"from": [6, 11.2, 3.9],
			"to": [7.65, 13.5, 4.4],
			"rotation": {"angle": -5, "axis": "x", "origin": [6.9, 12.4, 4.2]},
			"faces": {
				"north": {"uv": [4.5, 12, 5.125, 13], "texture": "#2"},
				"east": {"uv": [5.125, 12, 5.25, 13], "texture": "#2"},
				"south": {"uv": [3.8375, 12, 4.4625, 13], "texture": "#2"},
				"west": {"uv": [5.5, 12, 5.625, 13], "texture": "#2"},
				"up": {"uv": [2.5, 11.975, 2.875, 11.0125], "rotation": 90, "texture": "#2"},
				"down": {"uv": [4.625, 10.5, 4.625, 11], "rotation": 270, "texture": "#2"}
			}
		},
		{
			"from": [8.8, 0, 3.9],
			"to": [10.3, 4.7, 5.5],
			"rotation": {"angle": 6, "axis": "x", "origin": [9.5, 0, 4.7]},
			"faces": {
				"north": {"uv": [0.5, 10, 1, 12], "texture": "#2"},
				"east": {"uv": [0, 10, 0.5, 12], "texture": "#2"},
				"south": {"uv": [1.5, 10, 2, 12], "texture": "#2"},
				"west": {"uv": [1, 10, 1.5, 12], "texture": "#2"},
				"up": {"uv": [1, 10, 0.5, 9.5], "texture": "#2"},
				"down": {"uv": [1.5, 9.5, 1, 10], "texture": "#2"}
			}
		},
		{
			"from": [7, 2.6, 10.6],
			"to": [9, 4.2, 11.9],
			"rotation": {"angle": 28, "axis": "x", "origin": [7, 1.9, 9.7]},
			"faces": {
				"north": {"uv": [2.5, 10, 3.5, 10.5], "texture": "#2"},
				"east": {"uv": [2, 10, 2.5, 10.5], "texture": "#2"},
				"south": {"uv": [4, 10, 5, 10.5], "texture": "#2"},
				"west": {"uv": [3.5, 10, 4, 10.5], "texture": "#2"},
				"up": {"uv": [3.5, 10, 2.5, 9.5], "texture": "#2"},
				"down": {"uv": [4.5, 9.5, 3.5, 10], "texture": "#2"}
			}
		},
		{
			"from": [8.35, 8.9, 3.9],
			"to": [10, 11.2, 4.4],
			"rotation": {"angle": 5.5, "axis": "x", "origin": [9.1, 10.1, 4.2]},
			"faces": {
				"north": {"uv": [3.5, 13, 2.9, 14], "texture": "#2"},
				"east": {"uv": [5.25, 12, 5.375, 13], "texture": "#2"},
				"south": {"uv": [2.5, 12, 2, 13], "texture": "#2"},
				"west": {"uv": [5.375, 12, 5.5, 13], "texture": "#2"},
				"up": {"uv": [4.25, 10.5, 4.375, 11], "rotation": 90, "texture": "#2"},
				"down": {"uv": [4.5, 11, 4.5, 10.5], "rotation": 270, "texture": "#2"}
			}
		},
		{
			"from": [5.7, 0, 3.9],
			"to": [7.2, 4.7, 5.5],
			"rotation": {"angle": 6, "axis": "x", "origin": [6.5, 0, 4.7]},
			"faces": {
				"north": {"uv": [10, 9.5, 9.5, 11.5], "texture": "#2"},
				"east": {"uv": [10.5, 9.5, 10, 11.5], "texture": "#2"},
				"south": {"uv": [11, 9.5, 10.5, 11.5], "texture": "#2"},
				"west": {"uv": [9.5, 9.5, 9, 11.5], "texture": "#2"},
				"up": {"uv": [9.5, 9.5, 10, 9], "texture": "#2"},
				"down": {"uv": [10, 9, 10.5, 9.5], "texture": "#2"}
			}
		}
	],
	"display": {
		"thirdperson_righthand": {
			"rotation": [92, 0, 0]
		}
	},
	"groups": [
		0,
		1,
		2,
		3,
		{
			"name": "group",
			"origin": [7.9, 4, 8],
			"color": 0,
			"children": []
		},
		{
			"name": "group",
			"origin": [8.1, 4, 8],
			"color": 0,
			"children": []
		},
		4,
		5,
		6,
		7,
		8,
		9,
		10,
		11,
		12,
		13,
		14
	]
}