{
	"format_version": "1.21.6",
	"credit": "Made with Blockbench",
	"texture_size": [64, 64],
	"textures": {
		"2": "bruh:item/wolf",
		"particle": "bruh:item/fox"
	},
	"elements": [
		{
			"from": [8.8, 11.8, 3],
			"to": [10.7, 14.2, 3.8],
			"rotation": {"angle": 0, "axis": "y", "origin": [10.8, 11.8, 3]},
			"faces": {
				"north": {"uv": [5.125, 12.5, 5.5, 13], "texture": "#2"},
				"east": {"uv": [5.5, 12, 5.875, 12.75], "texture": "#2"},
				"south": {"uv": [4.75, 12, 5.125, 12.5], "texture": "#2"},
				"west": {"uv": [5.125, 12, 5.5, 12.5], "texture": "#2"},
				"up": {"uv": [5.125, 12, 4.75, 11.75], "texture": "#2"},
				"down": {"uv": [5.5, 12, 5.125, 11.75], "texture": "#2"}
			}
		},
		{
			"from": [5.3, 0, 13.45],
			"to": [7.2, 4.3, 15.55],
			"rotation": {"angle": 0, "axis": "y", "origin": [8.1, 7, 8.05]},
			"faces": {
				"north": {"uv": [10.25, 13.25, 10.75, 14.25], "texture": "#2"},
				"east": {"uv": [9.75, 13.25, 10.25, 14.25], "texture": "#2"},
				"south": {"uv": [11.25, 13.25, 11.75, 14.25], "texture": "#2"},
				"west": {"uv": [10.75, 13.25, 11.25, 14.25], "texture": "#2"},
				"up": {"uv": [10.75, 13.25, 10.25, 12.75], "texture": "#2"},
				"down": {"uv": [11.25, 12.75, 10.75, 13.25], "texture": "#2"}
			}
		},
		{
			"from": [5.5, 5.1, 9.5],
			"to": [10.5, 9.4, 15.15],
			"rotation": {"angle": 0, "axis": "y", "origin": [8, 6.4, 8]},
			"faces": {
				"north": {"uv": [1.25, 15, 2.5, 16], "texture": "#2"},
				"east": {"uv": [0, 15, 1.25, 16], "texture": "#2"},
				"south": {"uv": [3.75, 15, 5, 16], "texture": "#2"},
				"west": {"uv": [2.5, 15, 3.75, 16], "texture": "#2"},
				"up": {"uv": [2.5, 15, 1.25, 13.75], "texture": "#2"},
				"down": {"uv": [3.75, 13.75, 2.5, 15], "texture": "#2"}
			}
		},
		{
			"from": [6.6, 7.5, 0.2],
			"to": [9.4, 9.3, 3.4],
			"rotation": {"angle": 0, "axis": "y", "origin": [8, 8.7, 1.4]},
			"faces": {
				"north": {"uv": [7, 11, 7.5, 11.375], "texture": "#2"},
				"east": {"uv": [6.25, 11, 7, 11.375], "texture": "#2"},
				"south": {"uv": [8.25, 11, 8.75, 11.25], "texture": "#2"},
				"west": {"uv": [7.5, 11, 8.25, 11.375], "texture": "#2"},
				"up": {"uv": [7.5, 11, 7, 10.25], "texture": "#2"},
				"down": {"uv": [8, 10.25, 7.5, 11], "texture": "#2"}
			}
		},
		{
			"from": [5.5, 0, 6],
			"to": [7.5, 5, 8],
			"rotation": {"angle": 0, "axis": "y", "origin": [8.5, 7, 1]},
			"faces": {
				"north": {"uv": [10.25, 14.75, 10.75, 16], "texture": "#2"},
				"east": {"uv": [9.75, 14.75, 10.25, 16], "texture": "#2"},
				"south": {"uv": [11.25, 14.75, 11.75, 16], "texture": "#2"},
				"west": {"uv": [10.75, 14.75, 11.25, 16], "texture": "#2"},
				"up": {"uv": [10.75, 14.75, 10.25, 14.25], "texture": "#2"},
				"down": {"uv": [11.25, 14.25, 10.75, 14.75], "texture": "#2"}
			}
		},
		{
			"from": [8.5, 0, 6],
			"to": [10.5, 5, 8],
			"rotation": {"angle": 0, "axis": "y", "origin": [7.5, 7, 1]},
			"faces": {
				"north": {"uv": [10.25, 10, 10.75, 11.25], "texture": "#2"},
				"east": {"uv": [9.75, 10, 10.25, 11.25], "texture": "#2"},
				"south": {"uv": [11.25, 10, 11.75, 11.25], "texture": "#2"},
				"west": {"uv": [10.75, 10, 11.25, 11.25], "texture": "#2"},
				"up": {"uv": [10.75, 10, 10.25, 9.5], "texture": "#2"},
				"down": {"uv": [11.25, 9.5, 10.75, 10], "texture": "#2"}
			}
		},
		{
			"from": [5.4, 7.3, 1.9],
			"to": [10.6, 12.44, 6.4],
			"rotation": {"angle": 0, "axis": "y", "origin": [11.5, 8.3, 3.6]},
			"faces": {
				"north": {"uv": [1.25, 12.5, 2.5, 13.75], "texture": "#2", "tintindex": 0},
				"east": {"uv": [0.25, 12.5, 1.25, 13.75], "texture": "#2", "tintindex": 0},
				"south": {"uv": [3.5, 12.5, 4.75, 13.75], "texture": "#2", "tintindex": 0},
				"west": {"uv": [2.5, 12.5, 3.5, 13.75], "texture": "#2", "tintindex": 0},
				"up": {"uv": [2.5, 12.5, 1.25, 11.5], "texture": "#2", "tintindex": 0},
				"down": {"uv": [3.75, 11.5, 2.5, 12.5], "texture": "#2", "tintindex": 0}
			}
		},
		{
			"from": [5, 5, 5.9],
			"to": [11, 10, 9.6],
			"rotation": {"angle": 0, "axis": "y", "origin": [7, 6, 6]},
			"faces": {
				"north": {"uv": [6, 14.75, 7.5, 16], "texture": "#2"},
				"east": {"uv": [5.25, 14.75, 6, 16], "texture": "#2"},
				"south": {"uv": [8.25, 14.75, 9.75, 16], "texture": "#2"},
				"west": {"uv": [7.5, 14.75, 8.25, 16], "texture": "#2"},
				"up": {"uv": [7.5, 14.75, 6, 14], "texture": "#2"},
				"down": {"uv": [9, 14, 7.5, 14.75], "texture": "#2"}
			}
		},
		{
			"from": [7.3, 7.1, 13.7],
			"to": [8.7, 8.8, 15.7],
			"rotation": {"angle": 25, "axis": "x", "origin": [7, 6.8, 13.7]},
			"faces": {
				"north": {"uv": [2.25, 9.25, 2.5, 9.5], "texture": "#2"},
				"east": {"uv": [1.75, 9.25, 2.25, 9.5], "texture": "#2"},
				"south": {"uv": [3, 9.25, 3.25, 9.5], "texture": "#2"},
				"west": {"uv": [2.5, 9.25, 3, 9.5], "texture": "#2"},
				"up": {"uv": [2.5, 9.25, 2.25, 8.75], "texture": "#2"},
				"down": {"uv": [2.75, 8.75, 2.5, 9.25], "texture": "#2"}
			}
		},
		{
			"from": [8.7, 3.3, 12.15],
			"to": [10.8, 7.6, 15.25],
			"rotation": {"angle": 0, "axis": "y", "origin": [10.7, 5, 13.25]},
			"faces": {
				"north": {"uv": [7.75, 8.5, 8.25, 9.5], "texture": "#2"},
				"east": {"uv": [7, 8.5, 7.75, 9.5], "texture": "#2"},
				"south": {"uv": [9, 8.5, 9.5, 9.5], "texture": "#2"},
				"west": {"uv": [8.25, 8.5, 9, 9.5], "texture": "#2"},
				"up": {"uv": [8.25, 8.5, 7.75, 7.75], "texture": "#2"},
				"down": {"uv": [8.75, 7.75, 8.25, 8.5], "texture": "#2"}
			}
		},
		{
			"from": [8.8, 0, 13.45],
			"to": [10.7, 4.3, 15.55],
			"rotation": {"angle": 0, "axis": "y", "origin": [7.9, 7, 8.05]},
			"faces": {
				"north": {"uv": [10.25, 11.75, 10.75, 12.75], "texture": "#2"},
				"east": {"uv": [9.75, 11.75, 10.25, 12.75], "texture": "#2"},
				"south": {"uv": [11.25, 11.75, 11.75, 12.75], "texture": "#2"},
				"west": {"uv": [10.75, 11.75, 11.25, 12.75], "texture": "#2"},
				"up": {"uv": [10.75, 11.75, 10.25, 11.25], "texture": "#2"},
				"down": {"uv": [11.25, 11.25, 10.75, 11.75], "texture": "#2"}
			}
		},
		{
			"from": [8.45, 7.5, 2.8],
			"to": [10.85, 10.2, 5.7],
			"rotation": {"angle": 15, "axis": "y", "origin": [10.85, 7.7, 3.7]},
			"faces": {
				"north": {"uv": [7, 13.5, 7.5, 14], "texture": "#2"},
				"east": {"uv": [6.5, 13.5, 7, 14], "texture": "#2"},
				"south": {"uv": [8, 13.5, 8.5, 14], "texture": "#2"},
				"west": {"uv": [7.5, 13.5, 8, 14], "texture": "#2"},
				"up": {"uv": [7.5, 13.5, 7, 13], "texture": "#2"},
				"down": {"uv": [8, 13, 7.5, 13.5], "texture": "#2"}
			}
		},
		{
			"from": [7, 5.7, 15.2],
			"to": [9, 8.2, 20.1],
			"rotation": {"angle": 25, "axis": "x", "origin": [7, 6, 15.2]},
			"faces": {
				"north": {"uv": [7, 12.5, 7.5, 13], "texture": "#2"},
				"east": {"uv": [6, 12.5, 7, 13], "texture": "#2"},
				"south": {"uv": [8.5, 12.5, 9, 13], "texture": "#2"},
				"west": {"uv": [7.5, 12.5, 8.5, 13], "texture": "#2"},
				"up": {"uv": [7.5, 12.5, 7, 11.5], "texture": "#2"},
				"down": {"uv": [8, 11.5, 7.5, 12.5], "texture": "#2"}
			}
		},
		{
			"from": [5.3, 11.8, 3],
			"to": [7.2, 14.2, 3.8],
			"rotation": {"angle": 0, "axis": "y", "origin": [5.2, 11.8, 3]},
			"faces": {
				"north": {"uv": [3.75, 11.25, 4.125, 11.75], "texture": "#2"},
				"east": {"uv": [4.75, 12.5, 5.125, 13], "texture": "#2"},
				"south": {"uv": [3.75, 12, 4.125, 12.5], "texture": "#2"},
				"west": {"uv": [4.125, 11.625, 4.5, 12.5], "texture": "#2"},
				"up": {"uv": [4.125, 11.75, 3.75, 12], "texture": "#2"},
				"down": {"uv": [4.5, 12, 4.125, 11.75], "texture": "#2"}
			}
		},
		{
			"from": [5.2, 3.3, 12.15],
			"to": [7.3, 7.6, 15.25],
			"rotation": {"angle": 0, "axis": "y", "origin": [5.3, 5, 13.25]},
			"faces": {
				"north": {"uv": [10.25, 8.5, 10.75, 9.5], "texture": "#2"},
				"east": {"uv": [9.5, 8.5, 10.25, 9.5], "texture": "#2"},
				"south": {"uv": [11.5, 8.5, 12, 9.5], "texture": "#2"},
				"west": {"uv": [10.75, 8.5, 11.5, 9.5], "texture": "#2"},
				"up": {"uv": [10.75, 8.5, 10.25, 7.75], "texture": "#2"},
				"down": {"uv": [11.25, 7.75, 10.75, 8.5], "texture": "#2"}
			}
		},
		{
			"from": [5.15, 7.5, 2.8],
			"to": [7.55, 10.2, 5.7],
			"rotation": {"angle": -15, "axis": "y", "origin": [5.15, 7.7, 3.7]},
			"faces": {
				"north": {"uv": [2, 11, 2.5, 11.5], "texture": "#2"},
				"east": {"uv": [1.5, 11, 2, 11.5], "texture": "#2"},
				"south": {"uv": [3, 11, 3.5, 11.5], "texture": "#2"},
				"west": {"uv": [2.5, 11, 3, 11.5], "texture": "#2"},
				"up": {"uv": [2.5, 11, 2, 10.5], "texture": "#2"},
				"down": {"uv": [3, 10.5, 2.5, 11], "texture": "#2"}
			}
		}
	],
	"groups": [
		{
			"name": "group",
			"origin": [5, 8, 1],
			"color": 0,
			"children": [
				{
					"name": "group",
					"origin": [11, 8, 1],
					"color": 0,
					"children": [0]
				},
				1,
				2,
				3,
				4,
				5,
				{
					"name": "group",
					"origin": [11, 8, 1],
					"color": 0,
					"children": [6, 7]
				},
				8,
				{
					"name": "group",
					"origin": [11, 8, 1],
					"color": 0,
					"children": [9, 10, 11]
				},
				12,
				13,
				14,
				15
			]
		}
	]
}