{
	"format_version": "1.21.6",
	"credit": "Made with Blockbench",
	"texture_size": [64, 32],
	"textures": {
		"1": "bruh:item/cow"
	},
	"elements": [
		{
			"from": [4.9, 8, -0.5],
			"to": [11.1, 14.24, 6],
			"rotation": {"angle": 0, "axis": "y", "origin": [10.1, 11, 3]},
			"faces": {
				"north": {"uv": [8.5, 3, 10, 6], "texture": "#1", "tintindex": 0},
				"east": {"uv": [7, 3, 8.5, 6], "texture": "#1", "tintindex": 0},
				"south": {"uv": [11.5, 3, 13, 6], "texture": "#1", "tintindex": 0},
				"west": {"uv": [10, 3, 11.5, 6], "texture": "#1", "tintindex": 0},
				"up": {"uv": [10, 3, 8.5, 0], "texture": "#1", "tintindex": 0},
				"down": {"uv": [11.5, 0, 10, 3], "texture": "#1", "tintindex": 0}
			}
		},
		{
			"from": [4.9, 6, 6],
			"to": [11.1, 11, 15],
			"rotation": {"angle": 0, "axis": "y", "origin": [8, 8, 8]},
			"faces": {
				"north": {"uv": [3.75, 13.5, 2.25, 16], "texture": "#1"},
				"east": {"uv": [6, 13.5, 3.75, 16], "texture": "#1"},
				"south": {"uv": [7.5, 13.5, 6, 16], "texture": "#1"},
				"west": {"uv": [2.25, 13.5, 0, 16], "texture": "#1"},
				"up": {"uv": [2.25, 13.5, 3.75, 9], "texture": "#1"},
				"down": {"uv": [3.75, 9, 5.25, 13.5], "texture": "#1"}
			}
		},
		{
			"from": [3.9, 12.7, 2],
			"to": [4.9, 15.7, 3],
			"rotation": {"angle": 0, "axis": "y", "origin": [7.9, 8, 8]},
			"faces": {
				"north": {"uv": [7.75, 1.5, 8, 3], "texture": "#1"},
				"east": {"uv": [7.5, 1.5, 7.75, 3], "texture": "#1"},
				"south": {"uv": [8.25, 1.5, 8.5, 3], "texture": "#1"},
				"west": {"uv": [8, 1.5, 8.25, 3], "texture": "#1"},
				"up": {"uv": [8, 1.5, 7.75, 1], "texture": "#1"},
				"down": {"uv": [8.25, 1, 8, 1.5], "texture": "#1"}
			}
		},
		{
			"from": [11.1, 12.7, 2],
			"to": [12.1, 15.7, 3],
			"rotation": {"angle": 0, "axis": "y", "origin": [8.1, 8, 8]},
			"faces": {
				"north": {"uv": [11.75, 1.5, 12, 3], "texture": "#1"},
				"east": {"uv": [11.5, 1.5, 11.75, 3], "texture": "#1"},
				"south": {"uv": [12.25, 1.5, 12.5, 3], "texture": "#1"},
				"west": {"uv": [12, 1.5, 12.25, 3], "texture": "#1"},
				"up": {"uv": [12, 1.5, 11.75, 1], "texture": "#1"},
				"down": {"uv": [12.25, 1, 12, 1.5], "texture": "#1"}
			}
		},
		{
			"from": [2.4, 10.56522, 2.02293],
			"to": [6, 12.56522, 3.02293],
			"rotation": {"angle": 25, "axis": "z", "origin": [4.3, 11.3, 3]},
			"faces": {
				"north": {"uv": [5.25, 2.5, 6, 3.5], "texture": "#1"},
				"east": {"uv": [5, 2.5, 5.25, 3.5], "texture": "#1"},
				"south": {"uv": [6.25, 2.5, 7, 3.5], "texture": "#1"},
				"west": {"uv": [6, 2.5, 6.25, 3.5], "texture": "#1"},
				"up": {"uv": [6, 2.5, 5.25, 2], "texture": "#1"},
				"down": {"uv": [6.75, 2, 6, 2.5], "texture": "#1"}
			}
		},
		{
			"from": [10, 10.56522, 2.02293],
			"to": [13.6, 12.56522, 3.02293],
			"rotation": {"angle": -25, "axis": "z", "origin": [11.7, 11.3, 3]},
			"faces": {
				"north": {"uv": [6, 4, 5.25, 5], "texture": "#1"},
				"east": {"uv": [6.25, 4, 6, 5], "texture": "#1"},
				"south": {"uv": [7, 4, 6.25, 5], "texture": "#1"},
				"west": {"uv": [5.25, 4, 5, 5], "texture": "#1"},
				"up": {"uv": [5.25, 4, 6, 3.5], "texture": "#1"},
				"down": {"uv": [6, 3.5, 6.75, 4], "texture": "#1"}
			}
		},
		{
			"from": [6, 8.3, -1.6],
			"to": [10, 11, 0.4],
			"rotation": {"angle": 0, "axis": "y", "origin": [7.2, 9, -1.6]},
			"faces": {
				"north": {"uv": [5, 1, 6, 2], "texture": "#1"},
				"east": {"uv": [4.5, 1, 5, 2], "texture": "#1"},
				"south": {"uv": [6.5, 1, 7.5, 2], "texture": "#1"},
				"west": {"uv": [6, 1, 6.5, 2], "texture": "#1"},
				"up": {"uv": [6, 1, 5, 0], "texture": "#1"},
				"down": {"uv": [7, 0, 6, 1], "texture": "#1"}
			}
		},
		{
			"from": [4.9, 0, 12.6],
			"to": [7.3, 6, 15],
			"rotation": {"angle": 0, "axis": "y", "origin": [7.9, 8, 8]},
			"faces": {
				"north": {"uv": [5.75, 6.5, 6.25, 9.5], "texture": "#1"},
				"east": {"uv": [5.25, 6.5, 5.75, 9.5], "texture": "#1"},
				"south": {"uv": [6.75, 6.5, 7.25, 9.5], "texture": "#1"},
				"west": {"uv": [6.25, 6.5, 6.75, 9.5], "texture": "#1"},
				"up": {"uv": [6.25, 6.5, 5.75, 5.5], "texture": "#1"},
				"down": {"uv": [6.75, 5.5, 6.25, 6.5], "texture": "#1"}
			}
		},
		{
			"from": [8.7, 0, 12.6],
			"to": [11.1, 6, 15],
			"rotation": {"angle": 0, "axis": "y", "origin": [8.1, 8, 8]},
			"faces": {
				"north": {"uv": [0.75, 6.5, 1.25, 9.5], "texture": "#1"},
				"east": {"uv": [0.25, 6.5, 0.75, 9.5], "texture": "#1"},
				"south": {"uv": [1.75, 6.5, 2.25, 9.5], "texture": "#1"},
				"west": {"uv": [1.25, 6.5, 1.75, 9.5], "texture": "#1"},
				"up": {"uv": [1.25, 6.5, 0.75, 5.5], "texture": "#1"},
				"down": {"uv": [1.75, 5.5, 1.25, 6.5], "texture": "#1"}
			}
		},
		{
			"from": [4.9, 0, 6],
			"to": [7.3, 6, 8.4],
			"rotation": {"angle": 0, "axis": "y", "origin": [7.9, 8, 8]},
			"faces": {
				"north": {"uv": [5.75, 10.5, 6.25, 13.5], "texture": "#1"},
				"east": {"uv": [5.25, 10.5, 5.75, 13.5], "texture": "#1"},
				"south": {"uv": [6.75, 10.5, 7.25, 13.5], "texture": "#1"},
				"west": {"uv": [6.25, 10.5, 6.75, 13.5], "texture": "#1"},
				"up": {"uv": [6.25, 10.5, 5.75, 9.5], "texture": "#1"},
				"down": {"uv": [6.75, 9.5, 6.25, 10.5], "texture": "#1"}
			}
		},
		{
			"from": [8.7, 0, 6],
			"to": [11.1, 6, 8.4],
			"rotation": {"angle": 0, "axis": "y", "origin": [8.1, 8, 8]},
			"faces": {
				"north": {"uv": [0.75, 10.5, 1.25, 13.5], "texture": "#1"},
				"east": {"uv": [0.25, 10.5, 0.75, 13.5], "texture": "#1"},
				"south": {"uv": [1.75, 10.5, 2.25, 13.5], "texture": "#1"},
				"west": {"uv": [1.25, 10.5, 1.75, 13.5], "texture": "#1"},
				"up": {"uv": [1.25, 10.5, 0.75, 9.5], "texture": "#1"},
				"down": {"uv": [1.75, 9.5, 1.25, 10.5], "texture": "#1"}
			}
		}
	],
	"display": {
		"thirdperson_righthand": {
			"rotation": [90, 0, 0],
			"translation": [-6, 0, 13]
		},
		"head": {
			"translation": [0, 2, -3.5],
			"scale": [2, 2, 2]
		}
	},
	"groups": [
		{
			"name": "group",
			"origin": [5, 8, 1],
			"color": 0,
			"children": [
				0,
				1,
				2,
				3,
				4,
				5,
				6,
				{
					"name": "group",
					"origin": [11, 8, 1],
					"color": 0,
					"children": [7, 8, 9, 10]
				}
			]
		}
	]
}