{
	"format_version": "1.21.6",
	"credit": "Made with Blockbench",
	"texture_size": [64, 32],
	"textures": {
		"2": "bruh:item/mushroom_cow",
		"particle": "bruh:item/mushroom_cow"
	},
	"elements": [
		{
			"from": [5, 8, -0.5],
			"to": [11, 14.24, 6],
			"rotation": {"angle": 0, "axis": "y", "origin": [10, 11, 3]},
			"faces": {
				"north": {"uv": [14.5, 6.96, 12.5, 2.625], "rotation": 180, "texture": "#2", "tintindex": 0},
				"east": {"uv": [11, 3, 12.375, 7.01], "texture": "#2", "tintindex": 0},
				"south": {"uv": [10.975, 0, 12.375, 3.01], "texture": "#2", "tintindex": 0},
				"west": {"uv": [14.62, 3, 16, 6.96], "texture": "#2", "tintindex": 0},
				"up": {"uv": [12.375, 0, 14.5, 2.975], "rotation": 180, "texture": "#2", "tintindex": 0},
				"down": {"uv": [9, 3, 11, 6.925], "rotation": 180, "texture": "#2", "tintindex": 0}
			}
		},
		{
			"from": [5, 6, 6],
			"to": [11, 11, 15],
			"rotation": {"angle": 0, "axis": "y", "origin": [8, 8, 8]},
			"faces": {
				"north": {"uv": [9, 2, 6, 7], "texture": "#2"},
				"east": {"uv": [9, 7, 11.5, 16], "rotation": 90, "texture": "#2"},
				"south": {"uv": [3, 2, 5.975, 7], "texture": "#2"},
				"west": {"uv": [5.95, 16, 3, 7], "rotation": 90, "texture": "#2"},
				"up": {"uv": [0.5, 7, 3, 16], "rotation": 180, "texture": "#2"},
				"down": {"uv": [6, 7, 9, 16], "rotation": 180, "texture": "#2"}
			}
		},
		{
			"from": [4, 12.7, 2],
			"to": [5, 15.7, 3],
			"rotation": {"angle": 0, "axis": "y", "origin": [8, 8, 8]},
			"faces": {
				"north": {"uv": [9.5, 1.5, 9.75, 3], "texture": "#2"},
				"east": {"uv": [9.75, 1.5, 10, 3], "texture": "#2"},
				"south": {"uv": [10, 1.5, 10.25, 3], "texture": "#2"},
				"west": {"uv": [9.5, 1.5, 9.75, 3], "texture": "#2"},
				"up": {"uv": [9.75, 1, 10, 1.5], "rotation": 180, "texture": "#2"},
				"down": {"uv": [10, 1, 10.25, 1.5], "rotation": 180, "texture": "#2"}
			}
		},
		{
			"from": [11, 12.7, 2],
			"to": [12, 15.7, 3],
			"rotation": {"angle": 0, "axis": "y", "origin": [8, 8, 8]},
			"faces": {
				"north": {"uv": [9.75, 1.5, 10, 3], "texture": "#2"},
				"east": {"uv": [9.75, 1.5, 9.5, 3], "texture": "#2"},
				"south": {"uv": [10.25, 1.5, 10.5, 3], "texture": "#2"},
				"west": {"uv": [10, 1.5, 10.25, 3], "texture": "#2"},
				"up": {"uv": [9.75, 1, 10, 1.5], "rotation": 180, "texture": "#2"},
				"down": {"uv": [10, 1.5, 10.25, 2], "rotation": 180, "texture": "#2"}
			}
		},
		{
			"from": [2.4, 10.56522, 2.02293],
			"to": [6, 12.56522, 3.02293],
			"rotation": {"angle": 25, "axis": "z", "origin": [4.3, 11.3, 3]},
			"faces": {
				"north": {"uv": [3.50833, 0, 4.925, 2], "texture": "#2"},
				"east": {"uv": [4.5, 1.5, 5, 2.5], "texture": "#2"},
				"south": {"uv": [4.25, 12, 6, 14], "texture": "#2"},
				"west": {"uv": [7.5, 0, 8, 2], "texture": "#2"},
				"up": {"uv": [5.5, 1, 7.5, 2], "rotation": 90, "texture": "#2"},
				"down": {"uv": [5.5, 1, 7.5, 2], "rotation": 270, "texture": "#2"}
			}
		},
		{
			"from": [10, 10.56522, 2.02293],
			"to": [13.6, 12.56522, 3.02293],
			"rotation": {"angle": -25, "axis": "z", "origin": [11.7, 11.3, 3]},
			"faces": {
				"north": {"uv": [4.99583, 0.05, 3.475, 2.05], "texture": "#2"},
				"east": {"uv": [9, 0, 8.5, 2], "texture": "#2"},
				"south": {"uv": [6, 12, 4.25, 14], "texture": "#2"},
				"west": {"uv": [5.25, 0, 3.5, 2], "texture": "#2"},
				"up": {"uv": [5.25, 0, 3.5, 2], "rotation": 180, "texture": "#2"},
				"down": {"uv": [5, 0, 3.5, 2], "rotation": 180, "texture": "#2"}
			}
		},
		{
			"from": [5, 0, 13],
			"to": [7, 6, 15],
			"rotation": {"angle": 0, "axis": "y", "origin": [8, 8, 8]},
			"faces": {
				"north": {"uv": [14, 10, 15, 16], "texture": "#2"},
				"east": {"uv": [13, 10, 14, 16], "texture": "#2"},
				"south": {"uv": [12, 10, 13, 16], "texture": "#2"},
				"west": {"uv": [16, 10, 15, 16], "texture": "#2"},
				"up": {"uv": [0, 0, 0.5, 0.5], "rotation": 180, "texture": "#2"},
				"down": {"uv": [14, 10, 13, 8], "rotation": 180, "texture": "#2"}
			}
		},
		{
			"from": [9, 0, 13],
			"to": [11, 6, 15],
			"rotation": {"angle": 0, "axis": "y", "origin": [8, 8, 8]},
			"faces": {
				"north": {"uv": [14, 10, 15, 16], "texture": "#2"},
				"east": {"uv": [13, 10, 14, 16], "texture": "#2"},
				"south": {"uv": [12, 10, 13, 16], "texture": "#2"},
				"west": {"uv": [16, 10, 15, 16], "texture": "#2"},
				"up": {"uv": [0.5, 0, 0, 0.5], "rotation": 180, "texture": "#2"},
				"down": {"uv": [14, 10, 13, 8], "rotation": 180, "texture": "#2"}
			}
		},
		{
			"from": [5, 0, 6],
			"to": [7, 6, 8],
			"rotation": {"angle": 0, "axis": "y", "origin": [8, 8, 8]},
			"faces": {
				"north": {"uv": [14, 10, 15, 16], "texture": "#2"},
				"east": {"uv": [13, 10, 14, 16], "texture": "#2"},
				"south": {"uv": [12, 10, 13, 16], "texture": "#2"},
				"west": {"uv": [16, 10, 15, 16], "texture": "#2"},
				"up": {"uv": [0, 0, 0.5, 0.5], "rotation": 180, "texture": "#2"},
				"down": {"uv": [13, 10, 14, 8], "rotation": 180, "texture": "#2"}
			}
		},
		{
			"from": [9, 0, 6],
			"to": [11, 6, 8],
			"rotation": {"angle": 0, "axis": "y", "origin": [8, 8, 8]},
			"faces": {
				"north": {"uv": [14, 10, 15, 16], "texture": "#2"},
				"east": {"uv": [13, 10, 14, 16], "texture": "#2"},
				"south": {"uv": [12, 10, 13, 16], "texture": "#2"},
				"west": {"uv": [16, 10, 15, 16], "texture": "#2"},
				"up": {"uv": [0.5, 0, 1, 0.5], "rotation": 180, "texture": "#2"},
				"down": {"uv": [13, 10, 14, 8], "rotation": 180, "texture": "#2"}
			}
		}
	],
	"display": {
		"thirdperson_lefthand": {
			"rotation": [90, 0, 0],
			"translation": [-6, -2, -4]
		},
		"ground": {
			"translation": [0, 3, 0],
			"scale": [0.25, 0.25, 0.25]
		}
	},
	"groups": [
		{
			"name": "group",
			"origin": [5, 8, 1],
			"color": 0,
			"children": [
				0,
				1,
				2,
				3,
				4,
				5,
				{
					"name": "group",
					"origin": [11, 8, 1],
					"color": 0,
					"children": [6, 7, 8, 9]
				}
			]
		}
	]
}